ad	21303
ae	42402
af	41201
ag	344920
ai	365010
al	27601
am	28301
ao	63102
ar	722010
as	54411
at	23201
au	50501
aw	36301
az	40001
ba	21803
bb	342600
bd	47001
be	20601
bf	61301
bg	28401
bh	42601
bi	64201
bj	61601
bn	52802
bo	73601
br	72400
bs	36449
bt	40211
bw	65201
by	25701
bz	70267
ca	302720
cd	63001
cf	62301
cg	62901
ch	22801
ci	61202
ck	54801
cl	73001
cm	62401
cn	46000
co	732001
cr	71201
cu	36801
cv	62501
cw	36251
cy	28001
cz	23001
de	26201
dj	63801
dk	23801
do	37001
dz	60301
ec	74000
ee	24801
eg	60201
er	65701
es	21401
et	63601
fi	24403
fj	54201
fm	55001
fo	28801
fr	20800
ga	62801
gb	23415
ge	28201
gh	62001
gi	26601
gl	29001
gm	60701
gn	61101
gp	34001
gq	62701
gr	20201
gt	70401
gw	63201
gy	73801
hk	45400
hn	708001
hr	21901
ht	37201
hu	21601
id	51000
ie	27201
il	42501
in	40401
iq	41805
ir	43211
is	27401
it	22201
jm	338020
jo	41601
jp	44000
ke	63902
kg	43701
kh	45601
ki	54501
km	65401
kr	45002
kw	41902
ky	346140
kz	40101
la	45701
lb	41501
li	29501
lk	41301
lr	61801
ls	65101
lt	24601
lu	27001
lv	24701
ly	60600
ma	60400
mc	21210
md	25901
me	29701
mg	64601
mk	29401
ml	61001
mm	41401
mn	42888
mo	45500
mr	60901
mt	27801
mu	61701
mv	47201
mw	65001
mx	334020
my	50200
mz	64301
na	64901
nc	54601
ne	61401
ng	62120
ni	71021
nl	20403
no	24201
np	42901
nz	53000
om	42202
pa	71401
pe	71606
pf	54705
pg	53701
ph	51501
pk	41001
pl	26001
pm	30801
pr	33000
pt	26801
pw	55201
py	74401
qa	42701
re	64700
ro	22601
rs	22001
ru	25001
rw	63510
sa	42001
sb	54001
sc	63301
sd	63401
se	24001
sg	52501
si	29340
sk	23101
sl	61901
sm	29201
sn	60801
so	63701
sr	74602
st	62601
sv	70601
sy	41701
sz	65310
td	62201
tg	61501
th	52000
tj	43601
tl	51401
tm	43801
tn	60501
to	53901
tr	28601
tt	37412
tw	46601
tz	64002
ua	25501
ug	64101
us	310260
uy	74800
uz	43401
ve	73401
vg	348170
vn	45201
vu	54100
ws	54901
ye	42101
za	65501
zm	64501
zw	64801
